C0BBA3A3-42B0-E0F7-E097-76A486F6A1C0,Emma Johnson,"1567 Main St, Suite 23, Denver, CO 80202"
47700310-E79F-CFD4-1600-C4225AC263B9,Noah Brown,"3456 1st Ave, Apt 7B, Seattle, WA 98101"
41727234-E21A-F1DE-A5B8-DCA8E8BEA988,Olivia Davis,"7890 High St, San Francisco, CA 94107"
55692908-AB40-1DF0-22A1-076BA52D7CA6,Liam Wilson,"1234 Park Ave, New York, NY 10001"
E585CED5-0B54-A3DF-D991-FD869B25268A,Ava Anderson,"9876 Elm St, Austin, TX 78701"
0E152D97-D56E-48D9-DE23-89E933F3CFB9,Ethan Thompson,"4321 Pine St, Philadelphia, PA 19104"
7B7C7217-166A-A8C6-2E7F-E4B233125183,Sophia Smith,"2468 Maple St, Boston, MA 02108"
E186B3FD-0E42-CDB6-50D6-0392621B666A,Jackson Rodriguez,"1357 Broadway, Chicago, IL 60610"
254659E9-2628-742C-B5BC-814D96D34391,Isabella Martinez,"6423 Sunset Blvd, Los Angeles, CA 90028"
33EC9DBE-8D1C-C879-44FA-A2A6A7CEB74B,Aiden Lee,"9101 Wilshire Blvd, Beverly Hills, CA 90210"
C397C7FE-9648-E590-C4E4-776E519A9487,Mia Davis,"8523 Hollywood Blvd, Hollywood, CA 90069"
C4C63592-61A5-C2F8-7BE1-E9FD1883CC27,Lucas Wright,"2580 Madison Ave, Memphis, TN 38104"
0A0848F3-571B-4571-B58A-A6D14295CAB9,Harper Hall,"3821 Lexington Ave, New York, NY 10017"
4015AA65-063A-DAC9-633D-F023019826BB,Oliver Green,"6721 Wilkins Ave, Pittsburgh, PA 15217"
4DF177A2-246F-1C87-4E9B-AA7BE0AEB480,Amelia King,"9324 Main St, Fairfax, VA 22031"
F5651BC5-50D5-EB6D-FFF9-005164070438,Elijah Adams,"6543 Market St, Wilmington, NC 28405"
CC137B8C-528C-CBCB-B89E-833F153B3512,Charlotte Baker,"9876 Main St, Dallas, TX 75201"
E64AD015-0385-38E8-6DB6-56306DD05056,Grayson Carter,"1357 State St, Madison, WI 53715"
AF4AA916-DE54-25BB-1E92-1931D36DD0DC,Abigail James,"2468 3rd Ave, Seattle, WA 98121"
4AD4ADF7-0AC0-57C4-B0B9-6C51DAE102BC,Benjamin Powell,"7654 Park Ave, Chicago, IL 60611"
02FFDFC2-2BE6-79CB-A153-A44B6E331960,Victoria White,"1234 Elm St, San Francisco, CA 94109"
FEAADBA8-404B-D30C-4F8F-DD9F7B2C2D47,William Young,"5678 Lincoln Ave, Miami, FL 33139"
C4CBE4A9-ABAD-7406-BD9E-272DAB37A45B,Elizabeth Brown,"9012 Walnut St, St. Louis, MO 63108"
5640FD71-2C7E-6590-38B5-B15389D60A91,Henry Thomas,"4321 Peachtree St, Atlanta, GA 30303"
69345119-56C0-4E86-3054-FDFDF8C3471A,Avery Hill,"2468 Jefferson St, Nashville, TN 37208"
9723E184-E6A1-3BFB-86FE-0F2B006CBDE6,Alexander Scott,"9876 Oak St, Portland, OR 97205"
0980832F-8F4D-8B7F-2941-DCE8ACE4801B,Scarlett Allen,"6543 Market St, San Diego, CA 92102"
9E557129-9B4F-4901-644A-B0D5CB736181,Michael King,"2468 5th Ave, New York, NY 10001"
78AE5A69-BE5C-9139-DF69-7BEFEADD9E13,Madison Foster,"4321 Madison St, Chicago, IL 60606"
E8F7F043-FAC3-4752-7AB9-842B1E67CDF4,Daniel Collins,"2468 Elm St, Boston, MA 02115"
EE40E6CE-39DF-1F05-0568-4898D40DE344,Emily Lewis,"5678 Maple St, Los Angeles, CA 90028"
E49FDDE2-E7C4-A0AA-D4A5-8BFD9FF29652,Samuel Turner,"2468 Pine St, San Francisco, CA 94109"
B258474F-9E2E-49D7-983D-8DDC636D9B1C,Chloe Ward,"6543 Sunset Blvd, Hollywood, CA 90028"
C16C8FCD-8E3E-6686-38E2-C79E71C3199C,David Bell,"2468 2nd Ave, Seattle, WA 98121"
20B3A4D9-1953-BFD5-AC82-0D2832BE4995,Grace Baker,"7654 Broadway, New York, NY 10003"
9B676079-D9C9-103C-6955-7F958346BB59,Joseph Lewis,"1357 3rd Ave, Seattle, WA 98101"
6DCD70D8-F57A-9A2F-FA50-ED4FB905F2CE,Natalie Mitchell,"9012 Main St, Dallas, TX 75201"
0BB80009-1CD5-413D-ED4D-DD746FD5BA73,Christopher Ross,2468 Madison Ave
B02C2F77-F199-BFCE-029C-01651871B9FA,Addison Turner,"3821 Elm St, Chicago, IL 60610"
EB4723E3-A825-08A7-E56A-85590AE8B0DF,Sebastian Cox,"1234 Oak St, Portland, OR 97205"
7B42B8DA-7A91-CBE5-8C2F-1B7972AC0EA3,Lily Rivera,"5678 5th Ave, Seattle, WA 98121"
3DC55794-22D5-355A-47DF-A78009489D28,Owen Campbell,"4321 Main St, Dallas, TX 75201"
83C866A6-546F-1251-97E1-F1B5F72955B9,Lillian Phillips,"2468 Pine St, San Francisco, CA 94109"
19C64715-1491-CD01-C745-7B2035317BEF,Gabriel Parker,"7654 Park Ave, Philadelphia, PA 19104"
F6D93C80-1ECE-2922-E28D-8E702959715F,Aubrey Wright,"2468 State St, Madison, WI 53715"
D95E8543-9133-AF78-C109-839CF513F823,Carter Ramirez,"2468 Walnut St, St. Louis, MO 63108"
EB670F4C-3A89-B1FD-1213-E5E51C68EA78,Avery Scott,"9012 Peachtree St, Atlanta, GA 30303"
D2A14244-8B9B-C4C2-E163-8331D08023BD,Isabelle Kelly,"2468 Jefferson St, Nashville, TN 37208"
438DEAD6-0F55-2234-AF8A-D2CDF12C1B7A,John Flores,"1357 High St, San Francisco, CA 94107"
7E019C14-164A-866F-A918-CA588F1D16D4,Leah Wood,"2468 Market St, San Diego, CA 92102"
FE4DF34C-DA2F-1100-C515-B9658BED6E70,Ryan Diaz,"6543 Elm St, Boston, MA 02115"
6D7855CE-4DAB-E060-B566-DB6F85204099,Adalyn Martin,"2468 Madison Ave, Memphis, TN 38104"
F4A49F77-6544-D29E-A491-9A9D1C82293F,Isaac Green,"9876 Broadway, New York, NY 10003"
63046439-9E50-A2BB-A71D-6DD1D9787611,Arianna Mitchell,"4321 Main St, Austin, TX 78701"
2029E276-DC86-84C4-D58A-500007FA8C57,Julian Gonzalez,"2468 Oak St, Portland, OR 97205"
B1B41CFB-CC90-0C51-FA1A-92BA28CDFCE0,Mackenzie Baker,"6543 Sunset Blvd, Los Angeles, CA 90028"
001A67A4-2C07-C762-8859-58218C298AD2,Jayden Perez,"2468 High St, San Francisco, CA 94107"
B2EDF3B4-2EB3-3F91-A4A3-C0FBD57B1B12,Scarlett Ward,"9012 Main St, St. Louis, MO 63108"
E1057366-3CCF-7338-9E55-17CFD67683DD,Levi Henderson,"2468 Madison Ave, New York, NY 10001"
3B21A712-491C-7177-F811-B0AEE9CD09D9,Alexa Cruz,"7654 Elm St, Austin, TX 78701"
70DA4C85-9453-A4DC-2043-A01C41128C64,Grayson Parker,"2468 Pine St, Seattle, WA 98121"
019B2821-3AEE-9BD1-B76E-69B18459E4A5,Hannah Rivera,"5678 Oak St, Portland, OR 97205"
9C6EA7BF-823F-34D3-886B-67A54B001D68,Logan Campbell,"2468 Market St, San Diego, CA 92102"
9A95CEFD-F8BD-1C22-19FF-BF5E1CBB22F8,Stella Cox,"1234 Madison Ave, New York, NY 10001"
38A55630-CE85-E915-F9D4-27A0BA9EAB63,Eliana Allen,"2468 State St, Madison, WI 53715"
FD8BDA77-A13C-BC0E-512D-97CDF42FD832,Mason Powell,"1357 Park Ave, Philadelphia, PA 19104"
5277F21F-39F9-14A4-A031-12E84D2DA84B,Savannah Ward,"2468 Sunset Blvd, Hollywood, CA 90028"
69EB3EAF-B088-9694-C285-0BF2A42C16D3,Nicholas Collins,"4321 Jefferson St, Nashville, TN 37208"
DB839FB2-E49D-DAF9-BAA8-332D8E931945,Bella Howard,"2468 Main St, Dallas, TX 75201"
A27293A5-E37B-4983-677B-9A67CE45C095,Elijah Martin,"5678 5th Ave, Seattle, WA 98121"
A0951A8F-D566-9EB8-D1CC-7636BC8C05F6,Addison Wright,"9012 Lincoln Ave, Miami, FL 33139"
3504092B-D360-00EF-DEAE-8D3306515343,Julia Carter,"2468 Madison Ave, Memphis, TN 38104"
98841DAD-50F3-AF4F-E561-9B6E877DCE99,Daniel Davis,"7654 Market St, San Diego, CA 92102"
3514FC8E-FE71-CE8D-5662-9905562CF553,Madison Perez,"2468 High St, San Francisco, CA 94107"
84CF5FA8-4F48-1B5E-FB43-41696FFA3C91,Mason Mitchell,"6543 Broadway, New York, NY 10003"
635493C9-45AA-74C2-E5FB-E47856AB29BA,Aria Diaz,"2468 Elm St, Nashville, TN 37208"
11C5C523-D988-9B65-3482-2BFD45BC2E46,Christian Green,"9876 5th Ave, Seattle, WA 98121"
720B23E3-2F54-3073-1642-CE085540AEF8,Penelope Turner,"3821 State St, Madison, WI 53715"
50AEC320-D233-724A-5AC9-29EF99BE03AC,William Campbell,"4321 Market St, San Francisco, CA 94109"
AB9AE610-FB46-187C-F845-06D85C64C501,Isabella Rivera,"5678 Oak St, Portland, OR 97205"
69F076AB-996C-D286-6495-9D833DFFB20F,Christopher Cox,"1234 Elm St, Nashville, TN 37208"
62C8DA2A-A75B-5A86-066D-1DB0158461B0,Brooklyn Parker,"7654 5th Ave, Seattle, WA 98121"
3112BD74-1596-D7E8-E1E3-42B85FE44E5C,Matthew Wright,"9012 Jefferson St, Nashville, TN 37208"
CBAAD31D-BCBD-ACAF-2C9C-25D2184A06F6,Amelia Phillips,"2468 Main St, Dallas, TX 75201"
25F172FF-B895-17EA-2AF0-8A083A630798,Dominic Scott,"2468 Pine St, San Francisco, CA 94109"
4DBA3141-BF7C-B969-7294-E3EFF51EFB45,Sofia Gonzalez,"6543 Sunset Blvd, Hollywood, CA 90028"
B78F4CFF-0ABD-CDE3-1D4D-49E4652CB3D4,Jackson Baker,"2468 High St, San Francisco, CA 94107"
D16BCB12-A666-5E8B-E191-8EDB4DF05C8C,Mackenzie Perez,"9012 State St, Madison, WI 53715"
EA73076A-F285-C68D-C572-989825E830E0,Angelina Martin,"2468 Oak St, Portland, OR 97205"
B610A3AD-A9BF-EA9A-5480-6AE86B87B3ED,Evan Henderson,"1234 Market St, San Diego, CA 92102"
424F8FF6-C2F8-D4E4-61D0-ECF3B9C19310,Zoey Cruz,"2468 Madison Ave, New York, NY 10001"
A85D67C9-A28F-99FF-7106-BB06BAFDA38D,Wyatt Parker,"7654 Park Ave, Philadelphia, PA 19104"
A2AB1BC7-602B-46F2-56DB-81814A1EEC38,Kaylee Wood,"2468 Jefferson St, Nashville, TN 37208"
ADB19967-780C-7CF8-DA01-19D2EC1A5FC3,Nathan Flores,"1357 High St, San Francisco, CA 94107"
5C9274C9-42DC-22C0-4918-E2AEB0AC5DED,Caroline Kelly,"2468 Market St, San Diego, CA 92102"
1092F33E-DEA3-1F74-B677-509BD2CAE39F,Nathaniel Green,"4321 Pine St, Seattle, WA 98121"
923F3280-FF00-5A7A-A441-938E6E8CF1C1,Hailey Ramirez,"2468 Broadway, New York, NY 10003"
1DB77FBB-54A7-9388-C9A3-1F1011723563,Gavin Mitchell,"5678 Oak St, Portland, OR 97205"
7F849B35-CD35-B646-8B31-93572B1AE6FE,Lily Cox,"2468 Madison Ave, Memphis, TN 38104"
2435D0B5-2425-A790-1A5F-133CC7F6471A,Brandon Wright,"9012 State St, Madison, WI 53715"
8BDE00C2-8A74-18D3-39FF-6F7FE17216FC,Zoe Campbell,"2468 Main St, Dallas, TX 75201"
C9723CEA-B199-0A9F-A265-8FD1F73546CD,Owen Phillips,"1357 Park Ave, Philadelphia, PA 19104"
1E96D357-1A41-8C8C-98A9-78C8055C0A68,Samantha Ward,"2468 Sunset Blvd, Hollywood, CA 90028"
40462CF0-1C00-C95C-20BD-C84B006AB92D,Lucas Collins,"4321 Jefferson St, Nashville, TN 37208"
CB86367F-7F83-7B87-C604-D130E28FFA74,Chloe Howard,"2468 Market St, San Francisco, CA 94109"
3ADCED86-EA3E-E977-4A6B-CE6CE44F6B6E,Joshua Davis,"7654 Elm St, Austin, TX 78701"
7786047D-9011-F08B-82F6-B2F3D24F9678,Natalie Perez,"2468 High St, San Francisco, CA"